g_Src_Dest	paths	node	nodeval	nodefreq	tag	type
Tyr321_loop38	0	res_320	0	0	plot	WT
Tyr321_loop38	8	res_320	8	1.0	plot	Y321A
Tyr321_loop38	8	res_321	8	1.0	plot	WT
Tyr321_loop38	8	res_321	8	1.0	plot	Y321A
Tyr321_loop38	8	res_270	8	1.0	plot	WT
Tyr321_loop38	8	res_270	8	1.0	plot	Y321A
Tyr321_loop38	8	res_271	8	1.0	plot	WT
Tyr321_loop38	8	res_271	8	1.0	plot	Y321A
Tyr321_loop38	8	res_319	8	1.0	plot	WT
Tyr321_loop38	8	res_319	8	1.0	plot	Y321A
Tyr321_loop11	0	res_320	0	0	plot	WT
Tyr321_loop11	19	res_320	19	1.0	plot	Y321A
Tyr321_loop11	19	res_321	19	1.0	plot	WT
Tyr321_loop11	19	res_321	19	1.0	plot	Y321A
Tyr321_loop11	19	res_270	19	1.0	plot	WT
Tyr321_loop11	19	res_270	19	1.0	plot	Y321A
Tyr321_loop11	19	res_271	19	1.0	plot	WT
Tyr321_loop11	19	res_271	19	1.0	plot	Y321A
Tyr321_loop11	19	res_319	19	1.0	plot	WT
Tyr321_loop11	19	res_319	19	1.0	plot	Y321A
Tyr321_prismdomain	0	res_320	0	0	plot	WT
Tyr321_prismdomain	131	res_320	131	1.0	plot	Y321A
Tyr321_prismdomain	131	res_321	131	1.0	plot	WT
Tyr321_prismdomain	131	res_321	131	1.0	plot	Y321A
Tyr321_prismdomain	131	res_270	131	1.0	plot	WT
Tyr321_prismdomain	131	res_270	131	1.0	plot	Y321A
Tyr321_prismdomain	131	res_271	131	1.0	plot	WT
Tyr321_prismdomain	131	res_271	131	1.0	plot	Y321A
Tyr321_prismdomain	131	res_319	131	1.0	plot	WT
Tyr321_prismdomain	131	res_319	131	1.0	plot	Y321A
Tyr321_val257	0	res_320	0	0	plot	WT
Tyr321_val257	1	res_320	1	1.0	plot	Y321A
Tyr321_val257	1	res_321	1	1.0	plot	WT
Tyr321_val257	1	res_321	1	1.0	plot	Y321A
Tyr321_val257	1	res_270	1	1.0	plot	WT
Tyr321_val257	1	res_270	1	1.0	plot	Y321A
Tyr321_val257	1	res_271	1	1.0	plot	WT
Tyr321_val257	1	res_271	1	1.0	plot	Y321A
Tyr321_val257	1	res_319	1	1.0	plot	WT
Tyr321_val257	1	res_319	1	1.0	plot	Y321A
Tyr321_allSinkwoprism	0	res_320	0	0	plot	WT
Tyr321_allSinkwoprism	28	res_320	28	1.0	plot	Y321A
Tyr321_allSinkwoprism	28	res_321	28	1.0	plot	WT
Tyr321_allSinkwoprism	28	res_321	28	1.0	plot	Y321A
Tyr321_allSinkwoprism	28	res_270	28	1.0	plot	WT
Tyr321_allSinkwoprism	28	res_270	28	1.0	plot	Y321A
Tyr321_allSinkwoprism	28	res_271	28	1.0	plot	WT
Tyr321_allSinkwoprism	28	res_271	28	1.0	plot	Y321A
Tyr321_allSinkwoprism	28	res_319	28	1.0	plot	WT
Tyr321_allSinkwoprism	28	res_319	28	1.0	plot	Y321A
Tyr321_allSink	0	res_320	0	0	plot	WT
Tyr321_allSink	159	res_320	159	1.0	plot	Y321A
Tyr321_allSink	159	res_321	159	1.0	plot	WT
Tyr321_allSink	159	res_321	159	1.0	plot	Y321A
Tyr321_allSink	159	res_270	159	1.0	plot	WT
Tyr321_allSink	159	res_270	159	1.0	plot	Y321A
Tyr321_allSink	159	res_271	159	1.0	plot	WT
Tyr321_allSink	159	res_271	159	1.0	plot	Y321A
Tyr321_allSink	159	res_319	159	1.0	plot	WT
Tyr321_allSink	159	res_319	159	1.0	plot	Y321A
